k	workload	strategy	I_tree	I_setup	I_full	I_prepare	I_per_call	I_per_call_net_of_loop	N=100000
0	random	A	152850	153345	6754005	495	66.0066	26.000190000000003
0	random	B	152850	152383	5953043	-467	58.0066	18.000189999999996
0	random	C	152850	153460	9354130	610	92.0067	52.00028999999999
0	random	D	152850	154645	7255305	1795	71.0066	31.000190000000003
0	repeat	A	152850	153345	3954045	495	38.007	26.001009999999997
0	repeat	B	152850	152383	3153083	-467	30.007	18.00101
0	repeat	C	152850	153460	6554165	610	64.00705	52.00106000000001
0	repeat	D	152850	154645	4455345	1795	43.007	31.001009999999997
1	random	A	152873	153812	7854472	939	77.0066	37.00000000000001
1	random	B	152873	152406	7053066	-467	69.0066	29.000000000000007
1	random	C	152873	153483	9954215	610	98.00732	58.00072000000001
1	random	D	152873	154668	8355328	1795	82.0066	42.00000000000001
1	repeat	A	152873	153812	5054512	939	49.007	37.001009999999994
1	repeat	B	152873	152406	4253106	-467	41.007	29.001009999999997
1	repeat	C	152873	153483	7154201	610	70.00718	58.00119000000001
1	repeat	D	152873	154668	5555368	1795	54.007	42.001009999999994
2	random	A	152942	154714	8755393	1772	86.00679	46.000189999999996
2	random	B	152942	152454	7753133	-488	76.00679	36.000189999999996
2	random	C	152942	153531	10554410	589	104.00879	64.00219000000001
2	random	D	152942	154716	9255395	1774	91.00679	51.000189999999996
2	repeat	A	152942	154714	5955414	1772	58.007	46.001009999999994
2	repeat	B	152942	152454	4953154	-488	48.007	36.001009999999994
2	repeat	C	152942	153531	7754256	589	76.00725	64.00126
2	repeat	D	152942	154716	6455416	1774	63.007	51.001009999999994
4	random	A	153224	160050	10760729	6826	106.00679	66.00019
4	random	B	153224	152736	9153415	-488	90.00679	50.000189999999996
4	random	C	153224	153813	11755740	589	116.01927	76.01267000000001
4	random	D	153224	154998	9655677	1774	95.00679	55.000189999999996
4	repeat	A	153224	160050	7960769	6826	78.00719	66.00019999999999
4	repeat	B	153224	152736	6353455	-488	62.00719	50.0002
4	repeat	C	153224	153813	8954571	589	88.00758	76.00059
4	repeat	D	153224	154998	6855717	1774	67.00719	55.00019999999999
8	random	A	158978	269753	16170449	110775	159.00696	119.0
8	random	B	158978	158455	11959151	-523	118.00696	78.0
8	random	C	158978	159532	14194532	554	140.35	100.34304
8	random	D	158978	160717	12461413	1739	123.00696	83.0
8	repeat	A	158978	269753	13370489	110775	131.00736	119.00001
8	repeat	B	158978	158455	9159191	-523	90.00736	78.00001
8	repeat	C	158978	159532	11360335	554	112.00803	100.00068
8	repeat	D	158978	160717	9661453	1739	95.00736	83.00001
16	random	A	1726062	28993905	55494577	27267843	265.00672	224.99924
16	random	B	1726062	1725487	19126159	-575	174.00672	133.99924
16	random	C	1726062	1726522	29294142	460	275.6762	235.66872
16	random	D	1726062	1727749	19628421	1687	179.00672	138.99924
16	repeat	A	1726062	28993905	52694617	27267843	237.00712	224.99925
16	repeat	B	1726062	1725487	16326199	-575	146.00712	133.99925
16	repeat	C	1726062	1726522	17727357	460	160.00835	148.00048
16	repeat	D	1726062	1727749	16828461	1687	151.00712	138.99925
