workload	lane	I_prepare	I_per_call	I_net	branches_per_call	branches_net	mispred_per_call	mispred_net	N=200000
rep:0	U	987	43.004265	12.000084999999995	7.00056	2.000005	0.000275	4.500000000000001e-05
rep:0	P	13	41.004265	10.000084999999995	5.00056	4.999999999810711e-06	0.00027	3.9999999999999996e-05
rep:0	D	13	35.004265	4.000084999999995	7.00056	2.000005	0.000265	3.499999999999998e-05
rep:1	U	987	42.00426	11.000000000000004	7.000555	2.0	0.000245	1.9999999999999998e-05
rep:1	P	13	41.00426	10.000000000000004	5.000555	0.0	0.00025	2.500000000000001e-05
rep:1	D	13	35.00426	4.0000000000000036	7.000555	2.0	0.00025	2.500000000000001e-05
rep:2	U	987	50.00426	19.000000000000004	9.000555	4.0	0.00029	6.500000000000001e-05
rep:2	P	13	45.00426	14.000000000000004	6.000555	1.0	0.00027	4.500000000000001e-05
rep:2	D	13	37.00426	6.0000000000000036	7.000555	2.0	0.00025	2.500000000000001e-05
rep:3	U	987	49.00426	18.000000000000004	9.000555	4.0	0.000275	5.000000000000002e-05
rep:3	P	13	45.00426	14.000000000000004	6.000555	1.0	0.000255	3.0000000000000024e-05
rep:3	D	13	36.00426	5.0000000000000036	7.000555	2.0	0.00025	2.500000000000001e-05
rep:4	U	987	49.00426	18.000000000000004	9.000555	4.0	0.00028	5.499999999999998e-05
rep:4	P	13	45.00426	14.000000000000004	6.000555	1.0	0.000285	5.9999999999999995e-05
rep:4	D	13	36.00426	5.0000000000000036	7.000555	2.0	0.00025	2.500000000000001e-05
rep:5	U	987	48.00426	17.000000000000004	9.000555	4.0	0.00026	3.499999999999998e-05
rep:5	P	13	45.00426	14.000000000000004	6.000555	1.0	0.00026	3.499999999999998e-05
rep:5	D	13	34.00426	3.0000000000000036	6.000555	1.0	0.00025	2.500000000000001e-05
mixed	U	987	54.851075	15.847275000000003	8.338115	3.33765	1.22927	1.2290750000000001
mixed	P	13	51.6791	12.6753	5.66929	0.668825	1.232585	1.23239
mixed	D	13	43.50649	4.502690000000001	6.83339	1.8329249999999995	0.8597	0.8595050000000001
